<?xml version="1.0" encoding="utf-8"?>
<extension type="module" version="3.1" client="administrator" method="upgrade">
	<name>mod_title</name>
	<author>Joomla! Project</author>
	<creationDate>Nov 2005</creationDate>
	<copyright>Copyright (C) 2005 - 2018 Open Source Matters. All rights reserved.</copyright>
	<license>GNU General Public License version 2 or later; see LICENSE.txt</license>
	<authorEmail>admin@joomla.org</authorEmail>
	<authorUrl>www.joomla.org</authorUrl>
	<version>3.0.0</version>
	<description>MOD_TITLE_XML_DESCRIPTION</description>
	<files>
		<filename module="mod_title">mod_title.php</filename>
		<folder>tmpl</folder>
	</files>
	<languages>
		<language tag="en-GB">en-GB.mod_title.ini</language>
		<language tag="en-GB">en-GB.mod_title.sys.ini</language>
	</languages>
	<help key="JHELP_EXTENSIONS_MODULE_MANAGER_ADMIN_TITLE" />
	<config>
		<fields name="params">
			<fieldset name="advanced">
				<field
					name="layout"
					type="modulelayout"
					label="JFIELD_ALT_LAYOUT_LABEL"
					description="JFIELD_ALT_MODULE_LAYOUT_DESC"
				/>

				<field
					name="moduleclass_sfx"
					type="textarea"
					label="COM_MODULES_FIELD_MODULECLASS_SFX_LABEL"
					description="COM_MODULES_FIELD_MODULECLASS_SFX_DESC"
					rows="3"
				/>
			</fieldset>
		</fields>
	</config>
</extension>
