<?xml version="1.0" encoding="utf-8"?>
<extension type="module" version="3.1" client="administrator" method="upgrade">
	<name>mod_menu</name>
	<author>Joomla! Project</author>
	<creationDate>March 2006</creationDate>
	<copyright>Copyright (C) 2005 - 2018 Open Source Matters. All rights reserved.</copyright>
	<license>GNU General Public License version 2 or later; see LICENSE.txt</license>
	<authorEmail>admin@joomla.org</authorEmail>
	<authorUrl>www.joomla.org</authorUrl>
	<version>3.0.0</version>
	<description>MOD_MENU_XML_DESCRIPTION</description>
	<files>
		<filename module="mod_menu">mod_menu.php</filename>
		<folder>preset</folder>
		<folder>tmpl</folder>
		<filename>helper.php</filename>
		<filename>menu.php</filename>
	</files>
	<languages>
		<language tag="en-GB">en-GB.mod_menu.ini</language>
		<language tag="en-GB">en-GB.mod_menu.sys.ini</language>
	</languages>
	<help key="JHELP_EXTENSIONS_MODULE_MANAGER_ADMIN_MENU" />
	<config>
		<fields name="params">
			<fieldset name="basic">
				<field
					name="menutype"
					type="menu"
					label="MOD_MENU_FIELD_MENUTYPE_LABEL"
					description="MOD_MENU_FIELD_MENUTYPE_DESC"
					clientid="1"
					>
					<option value="*">MOD_MENU_FIELD_MENUTYPE_OPTION_PREDEFINED</option>
				</field>

				<field
					name="preset"
					type="menuPreset"
					label="MOD_MENU_FIELD_PRESET_LABEL"
					description="MOD_MENU_FIELD_PRESET_DESC"
					addfieldpath="administrator/components/com_menus/models/fields"
					showon="menutype:*"
				/>

				<field
					name="check"
					type="radio"
					label="MOD_MENU_FIELD_CHECK_LABEL"
					description="MOD_MENU_FIELD_CHECK_DESC"
					class="btn-group btn-group-yesno"
					default="1"
					filter="integer"
					showon="menutype!:*"
					>
					<option value="1">JYES</option>
					<option value="0">JNO</option>
				</field>

				<field
					name="shownew"
					type="radio"
					label="MOD_MENU_FIELD_SHOWNEW"
					description="MOD_MENU_FIELD_SHOWNEW_DESC"
					class="btn-group btn-group-yesno"
					default="1"
					filter="integer"
					showon="menutype:*"
					>
					<option value="0">JHIDE</option>
					<option value="1">JSHOW</option>
				</field>

				<field
					name="showhelp"
					type="radio"
					label="MOD_MENU_FIELD_SHOWHELP"
					description="MOD_MENU_FIELD_SHOWHELP_DESC"
					class="btn-group btn-group-yesno"
					default="1"
					filter="integer"
					showon="menutype:*"
					>
					<option value="0">JHIDE</option>
					<option value="1">JSHOW</option>
				</field>

				<field
					name="forum_url"
					type="url"
					label="MOD_MENU_FIELD_FORUMURL_LABEL"
					description="MOD_MENU_FIELD_FORUMURL_DESC"
					filter="url"
					size="30"
					default=""
					showon="menutype:*"
				/>
			</fieldset>

			<fieldset name="advanced">
				<field
					name="layout"
					type="modulelayout"
					label="JFIELD_ALT_LAYOUT_LABEL"
					description="JFIELD_ALT_MODULE_LAYOUT_DESC"
				/>

				<field
					name="moduleclass_sfx"
					type="textarea"
					label="COM_MODULES_FIELD_MODULECLASS_SFX_LABEL"
					description="COM_MODULES_FIELD_MODULECLASS_SFX_DESC"
					rows="3"
				/>
			</fieldset>
		</fields>
	</config>
</extension>
